School Name,City,AP Classes?,Dual Enrollment?,Offers Electives?,Math Score,English Score,National Rank,AZ Rank,Racial%-White,Racial%-Black,Racial%-Native,Racial%-Hispanic,Racial%-Asian,Racial%-Other,student_faculty_ratio,school_type
Arizona Lutheran Academy,Phoenix,Yes,Yes,Yes,28,28,3002,25,57,6,10,15,12,0,32.7,Public
Arizona Preparatory Academy,Phoenix,Yes,Yes,Yes,17,22,19568,310,12,11,1,71,1,2,32.8,Public
Arizona School For The Arts,Phoenix,Yes,Yes,Yes,27,30,481,145,63,4,1,22,5,5,30.2,Public
Arizona Virtual Academy,Phoenix,Yes,Yes,Yes,19,32,"3,635",980,69,6,2,15,1,6,30.6,Public
Asdb/phoenix Day school,Phoenix,No,Yes,yes,5,5,,1834,16,7,6,67,2,2,,
E-institute At Metro,Phoenix,Yes,,,8%,2,20045,398,6.89%,24.13%,6.89%,60.34%,0%,1.72%,,
E-institute At Union Hills,Phoenix,yes,,,55%,45,813,178,46.20%,9.00%,2.50%,37.17%,0%,5.12%,,
Hamilton High School,Chandler,yes,,,52%,68.96,1548,24,44.40%,7.30%,2.10%,21.50%,19%,5.70%,27.1,Public
Intelli-school,Chandler,Yes,,,70,85,,,31.40%,7.10%,5.70%,51.40%,0%,4.30%,,
Kaizen Education Foundation Dba El Dorado High School,Chandler,yes,,,55,65,19037,354,0%,16.87%,0%,46.99%,30.72%,0%,29.4,Public
Mesquite High School,Gilbert,Yes,Yes,Yes,80,75,1841,58,60,20,10,10,5,5,8.9,Private
Mesquite Jr High School,Gilbert,Yes,Yes,Yes,85,70,,,65,20,5,10,5,5,,
Perry High School,Gilbert,Yes,Yes,Yes,80,75,131,5,60,20,10,10,5,5,9.7,Private
San Tan Charter School,Gilbert,Yes,Yes,Yes,90,85,8972,174,80,10,5,5,5,0,1.9,Private
South Valley Junior High School,Gilbert,Yes,Yes,Yes,80,75,,,70,20,5,10,5,5,,
West-mec - Horizon High School,Scottsdale,yes,no,yes,64,69,na,na,87%,0,0,13%,0,0,6.2,Public
Arizona Charter Academy,Surprise,no,yes,yes,27%,28%,na,959,19%,10%,na,66%,1%,4%,33.6,Public
Dysart Ischool,Surprise,yes,yes,yes,28%,42%,na,top 50%,35%,6%,5%,47%,3%,4%,20.9,Public
E-institute At Surprise,Surprise,yes,no,yes,32%,39%,17635,325,43%,6%,1%,40%,3%,na,24.8,Public
Imagine Prep Surprise,Surprise,yes,yes,yes,20,30,na,1125,54%,4%,1%,32%,2%,7%,30.2,Public
Camelback High School,Phoenix,yes,yes,yes,80%,75%,1199,42,8%,7%,1%,77%,1%,6%,2.2,Private
Career Success High School - Glendale,Phoenix,yes,yes,yes,75%,70%,22481,469,8%,11%,0%,77%,0%,4%,6.3,Private
Career Success High School - Main Campus,Phoenix,yes,yes,yes,75%,70%,17688,327,5%,10%,0%,83%,0%,2%,5.2,Private
Career Success Jr/Sr High School - North Phoenix,Phoenix,yes,yes,yes,75%,70%,19723,383,35%,5%,1%,50%,0%,4%,7.7,Public
Carl Hayden High School,Phoenix,yes,yes,yes,78%,75%,1299,44,1%,3%,0%,95%,0%,1%,9.8,Private
Sunrise Mountain High School,Peoria,yes,yes,yes,42%,41%,"6,080",98,70.90%,3.00%,0.20%,18.20%,2.90%,7%,20.8,Public
West-mec - Centennial High School,Peoria,yes,yes,yes,67%,54%,Unranked,535,47.80%,5.70%,1%,36.70%,3.10%,6%,17.2,Private
West-mec - Liberty High School,Peoria,,yes,yes,36%,37%,"5,817",93,72%,3%,0%,16%,4%,5%,,
West-mec - Peoria High School,Peoria,,yes,yes,18%,22%,25708,602,26%,9%,2%,55%,3%,7%,,
West-mec - Sunrise Mountain High School,Peoria,,yes,,43%,41%,"6,080",98,71%,3%,1%,18%,3%,4%,,
Sossaman Middle School,Queen Creek,Yes,Yes,Yes,68%,60%,,48,66.10%,3.10%,0.80%,20.90%,3.10%,6%,,
Willie & Coy Payne Junior High School,Queen Creek,No,Yes,Yes,56%,78%,,422,68%,3%,1%,19%,4%,5%,,
Bella Vista College Prepratory School,Scottsdale,Yes,Yes,Yes,79%,79%,6101,61,37.10%,12.40%,0%,5.60%,4.50%,40.40%,1.7,Private
Arizona International Academy,Scottsdale,No,,Yes,,,7259,71,25%,10%,0%,31.30%,31.30%,2.40%,,
Basis Scottsdale,Scottsdale,Yes,Yes,Yes,93%,96%,20,2,23.90%,1.80%,0.10%,6%,62.50%,5.70%,4.7,Private
Desert Edge High School,Goodyear,Yes,Yes,Yes,64%,66.34%,5950,96,7%,13%,13.50%,57.20%,2.70%,7,8.3,Private
Estrella foothills High School,Goodyear,YES,NO,Yes,54%,70.69%,5547,90,45.60%,4.50%,1%,43.10%,1.30%,4.60%,10.7,Private
Great Hearts Academies- Archway Trivium West,Goodyear,NO,Yes,No,74%,86.36%,1854,90,13.50%,7%,13%,57,3%,0,6.9,Private
Great Hearts Academies- Trivium Prep,Goodyear,Yes,YES,YES,49%,82.79,5905,95,41.7,6.1,6.4,33.5,9.3,8.2,4,Public
Millenium High School,Goodyear,YES,Yes,no,50%,41.67,3148,50,40.6,9.7,1.5,37.4,7.5,0,24.5,Private
Highland High School,Gilbert,YES,YES,YES,78%,69%,221,11,76%,3%,1%,14%,5%,1%,1.5,Private
Higley High School,Gilbert,YES,YES,YES,71%,64%,2426,35,68.10%,3.40%,0.60%,18.90%,3.60%,0.60%,5.1,Private
Leading Edge Academy Gilbert Early College,Gilbert,YES,YES,YES,72%,62%,9286,62,65%,3%,2%,25%,2%,1%,4.2,Public
Leading Edge Online Academy,Gilbert,YES,YES,YES,15%,45%,"13,338",250,66%,4%,3%,25%,0%,0%,27.6,Public
Learning Foundation And Performing Arts Gilbert,Gilbert,YES,YES,YES,27%,43%,13261,447,57%,7%,0%,22%,3%,1%,22.2,Public
Oasis Recovery,Chandler,,,,,,"6,014",60,57%,26%,0%,11%,3%,0%,,
Paragon Science Academy,Chandler,Yes,Yes,Yes,85%,38%,"11,638",210,37%,19%,1%,12%,29%,1%,10.2,Private
Primavera - Online,Chandler,Yes,Yes,No,14%,31%,153,7,49%,5%,4%,37%,1%,1%,32.1,Public
Santam Junior High School,Chandler,No,No,Yes,44%,53%,Unranked,Unknown,70%,6%,1%,12%,9%,2%,19.6,Public
Seton Catholic Preparatory High School,Chandler,Yes,Yes,Yes,60,75,881,9,72%,1%,1%,16%,3%,1%,8,Private
Greenfield Junior High School,Gilbert,YES,YES,YES,61%,51%,Unranked,Unranked,75%,2%,0%,18%,4%,1%,18.2,Private
Highland High School,Gilbert,YES,YES,YES,78%,69%,221,11,76%,3%,1%,14%,5%,1%,1.5,Private
Great Hearts Academies - Archway Chandler,Chandler,NO,YES,NO,87%,78%,Unranked,Unknown,56%,5%,0%,13%,17%,8%,8.4,Private
Great Hearts Academies - Chandler Prep,Chandler,NO,YES,NO,73%,72%,"8,171",163,63%,4%,0%,12%,15%,5%,6.1,Public
Great Hearts Academies - Lincoln Prep,Chandler,YES,YES,NO,54%,55%,Unranked,Unknown,54%,4%,1%,13%,19%,10%,17.5,Private
Kaizen Education Foundation Dba Quest High School,Phoenix,,yes,yes,7%,10%,22682,477,4%,14%,2%,80%,0%,0%,,
Kaizen Education Foundation Dba Summit High School,Phoenix,,yes,yes,7%,10%,13466,243,6%,10%,3%,79%,1%,1%,,
Keystone Montessori Charter School,Phoenix,,yes,yes,59%,81%,16303,286,62%,3%,0%,22%,7%,15%,,
Learning Institute the,Phoenix,,yes,yes,20%,42%,19327,368,24%,5%,5%,64%,0%,2%,,
Life Skills Center of Arizona,Phoenix,,yes,yes,5%,2%,17743,328,18%,15%,3%,61%,1%,2%,,
E-Institute at Avondale,Avondale,,yes,yes,20%,30%,21288,434,4%,11%,0%,78%,3%,5%,,
Estrella High School,Avondale,yes,yes,yes,30%,30%,15742,273,10.50%,17.90%,0%,67.90%,0%,3.70%,35,Public
La Joya Community High School,Avondale,yes,yes,yes,19%,19%,1042,37,8%,13%,0%,74%,1%,4%,31,Public
West-Mec - Agua Fria High School,Avondale,,yes,yes,,,25708,602,33%,0%,0%,67%,0%,0%,,
West-Mec - La Joya High School,Avondale,,yes,yes,30%,22%,25512,584,0%,40%,0%,60%,0%,0%,,
Chandler High School,Chandler,yes,yes,yes,25%,32%,185,8,34%,10%,2%,46%,6%,2%,31.8,Public
Chandler Online Academy,Chandler,yes,yes,no,48%,63%,17850,329,78%,2%,0%,15%,4%,1%,19.9,Public
Gilbert High School,Gilbert,yes,yes,no,35%,34%,739,30,66%,3%,1%,24%,3%,2%,26.2,Public
Gilbert Junior High School,Gilbert,,,,60,70,Unranked,130,53%,8%,1%,35%,3%,1%,7.2,Private
Great Hearts Academies - Arete Prep,Gilbert,yes,yes,yes,75%,65%,10443,194,71%,4%,1%,17%,4%,3%,9.3,Private
Intelli-School - Metro Center,Phoenix,yes,yes,yes,42%,25%,20045,398,25%,6%,9%,59%,0%,1%,23.7,Public
Intelli-School - Paradise Valley,Phoenix,yes,yes,yes,56,62,21008,424,37%,6%,2%,52%,0%,3%,16.4,Private
International Commerce High School - Phoenix,Phoenix,yes,yes,yes,65,55,10141,186,9%,8%,0%,80%,0%,3%,11.9,Public
Jail-Maricopa County Sheriffs Office,Phoenix,,,,,,,,,,,,,,,
Kaizen Education Foundation Dba Maya High School,Phoenix,yes,yes,yes,10%,10%,13045,236,13%,14%,3%,66%,3%,1%,29.7,Public
Great Hearts Academies - North Phoenix Prep,Phoenix,yes,yes,yes,53%,72%,"13,582",245,71%,2%,2%,15%,7%,3%,11.7,Public
Great Hearts Academies - Teleos Prep,Phoenix,yes,,yes,38%,32%,Unranked,Unranked,6%,44%,1%,42%,1%,5%,,
Great Hearts Academies - Veritas Prep,Phoenix,yes,yes,yes,60%,65%,"8,185",164,76%,1%,0%,16%,3%,3%,12,Public
Greenway High School,Phoenix,yes,yes,yes,60,81,"3,646",108,59%,5%,2%,29%,4%,1%,6.8,Private
Greenway Middle School,Phoenix,yes,,,12%,17%,Unranked,Unknown,10%,4%,2%,82%,2%,2%,,
Crown Point High School,Phoenix,yes,yes,,65,75,"20,798",419,10.00%,3%,0.20%,14.10%,3%,72.70%,,
Cyber High SChool,Phoenix,,,,50,70,"22,481",469,17%,15%,0%,62%,2%,4%,,
Deer Valley Middle School,Phoenix,yes,,,39%,41%,6336,109,55.20%,5.90%,1.20%,30.50%,2.60%,4.60%,,
Desert Foothills Middle School,Phoenix,,,,60%,31.09%,,851,40.80%,7.60%,2%,42.60%,2.40%,4.60%,,
Desert Garden Montessori,Phoenix,,,,55,55,,,64%,2%,2%,6%,2%,24%,,
91st psalm Christian School,Phoenix,Yes,Yes,No,80,45,3.324,8,29.2,18.2,3.9,45,3.2,1.5,15.5,Private
Aace Paradise Valley,Phoenix,Yes,No,No,42%,52%,"8,600",151,71.4,2.2,0.3,19.3,2.5,4.3,20.2,Public
Aace Smcc Campus,Phoenix,No,No,No,28%,13%,"11,894",294,6.2,5,1,85.6,1,1.2,34.3,Public
Accel,Phoenix,No,No,No,60,70,"2,938",24,28.6,12,1.6,30.7,0.5,26.6,1.4,Private
Accelerated Learning Center,Phoenix,Yes,No,No,30%,30%,,,74,1,0.7,19.2,,5.3,,
West-Mec - West View High School,Avondale,no,,,70,65,,,20,20,10,40,0,10,,
Westview High School,Avondale,yes,,,21,22,9468,165,20,10,1,64,3,2,,
Buckeye Union High School,Buckeye,Yes,yes,,22,21,10815,191,32,8,1,58,0.5,0.5,,
West-Mec - Desert Edge High School,Goodyear,,,,50,60,"25,823",609,50,0,,50,0,0,10.7,Public
West-mec-Estrella East Hills High School,Goodyear,,,,50,60,"24,575",533,81,0,,13,0,1,,
West-mec-Millenium High School,Goodyear,,,,67,72,,,,,,,,,,
Williams Field High School,Higley,yes,No,No,90,55,2001,68,63,5,,22,5,4,,
West-Mec - Desert Edge High School,Goodyear,yes,yes,no,50,50,9497,166,9,27,4,53,3,4,10.7,Public
Imagine East Mesa Middle School,Mesa,yes,no,yes,37%,42%,523,223,76,8,2,40,4,3,21.2,Private
Gilbert Classical Academy Junior,Glibert,yes,no,yes,88%,85%,47,11,64,6,0,30,38,6,3.7,Private
Gilbert Christian Schools,Gilbert,yes,yes,yes,52%,58%,703,8,85,12,1,48,29,6,10.2,Private
Gilbert Global Academy High School,Gilbert,yes,yes,yes,58%,47%,"10,990",195,34,2,2,6,1,0,15.1,Private
Gilbert Classical Academy High School,Gilbert,yes,yes,yes,92%,92%,47,7,63,6,1,43,53,3,0.8,Private
Vista Peak,Phoenix,Yes,Yes,No,29%,19%,22127,1321,64%,16%,2%,15%,0%,3%,29.9,Public
Vista Verde Middle School,Phoenix,Yes,No,Yes,13%,26%,1251,383,4%,32%,3%,56%,2%,2%,34,Public
Washington High School,Phoenix,Yes,Yes,Yes,21%,26%,3571,56,17%,13%,3%,60%,6%,1%,31.5,Public
West Phoenix High School,Phoenix,Yes,Yes,Yes,8%,17%,12304,1596,2%,5%,1%,90%,0%,1%,33.5,Public
West-mec - Barry Goldwater High School,Phoenix,Yes,Yes,Yes,50%,35%,Unranked,Unranked,39%,9%,,52%,,60.9,,
Faith Christian School,Mesa,Yes,Yes,Yes,60,55,"3,896th out of 7,602",35th out of 74,64%,3%,0%,16%,16%,1%,19,Public
Franklin Junior High School,Mesa,Yes,Yes,Yes,89%,93%,Unranked,5,67%,1%,0.40%,26%,2%,5%,2.6,Private
Fremont Junior High School,Mesa,no,,yes,39%,37%,Unranked,135,52%,4%,2%,37%,1%,4%,,
Heritage Academy,Mesa,yes,yes,yes,46%,61%,"3,302",52,70.80%,0.50%,0.30%,25.50%,0.60%,2.30%,14.1,Private
Highland Jr High School,Mesa,,yes,yes,52%,55%,Unranked,170,66.20%,1.60%,0.60%,23.40%,2.10%,6.10%,,
Great Hearts Academies - Scottsdale Prep,Scottsdale,Yes,Yes,Yes,72%,80%,"3,532",54,77%,1%,0.01,8%,9%,1%,1.1,Private
Horizon High School,Scottsdale,Yes,Yes,Yes,78%.,76%.,"4,862",36,77%,2%,1%,12%,4%,1%,3.6,Private
Notre Dame Preparatory,Scottsdale,Yes,Yes,Yes,86%.,84%,361,4,88%,1%,0%,3%,3%,0%,4.2,Private
Saguaro High School,Scottsdale,Yes,Yes,Yes,79%,77%,"2,683",42,68%,4%,1%,19%,5%,0%,1.3,Private
Salt River Accelerated Learning Academy,Scottsdale,Yes,Yes,Yes,85%,80%,Not ranked,,0%,0%,1%,5%,0%,0%,,
Midtown High School,Phoenix,Yes,Yes,Yes,32,56,"23,944",510,4%,0%,0%,96%,0%,0%,21.2,Public
Moon Valley High School,Phoenix,Yes,Yes,Yes,30%,21%,"3,474",107,41%,9%,3%,42%,3%,2%,28.4,Public
Mosaica Online High School of Arizona,Phoenix,,,,72,45,25512,584,80%,0%,1%,0%,0%,0%,,
Mountain Pointe High School,Phoenix,Yes,Yes,Yes,22%,26%,506,21,35%,22%,3%,30%,3%,1%,32.2,Public
Mountain Sky Middle School,Phoenix,Yes,Yes,Yes,40%,38%,,183,47%,5%,3%,40%,2%,3%,,
Aim Higher College Prep Academy,Phoenix,No,,Yes,25%,25%,,,4%,8%,0%,88%,0%,0%,,
Alhambra High School,Phoenix,No,No,No,30%,30%,"10,646",188,6%,8%,2%,79%,5%,6%,31,Public
Amerischools Academy- Camel Back,Phoenix,No,No,No,17%,22%,,,21%,24%,4%,44%,3%,5%,,
Arcadia High School,Phoenix,Yes,Yes,Yes,29%,34%,5507,88,54%,4%,2%,35%,3%,2%,26.3,Public
Precision Academy,Phoenix,YES,YES,YES,70,41,13261-17680,402,0%,5%,2%,94%,0%,0%,13.6,Public
Premier Charter High School,Phoenix,YES,YES,YES,60,41,,441,1%,4%,1.36%,92%,0%,1.36%,,
Prospect School,Phoenix,,,,,,,,,,,,,,,
Pvonline,Phoenix,YES,YES,YES,30,50,12328,452,50%,7.24%,1.44%,31.88%,3.62%,5.79%,20,Private
Rcb Medical Arts Academy,Phoenix,,,,,,,,,,,,,,,
Mesa Academy for Advanced Studies,Mesa,yes,,,96%,98%,1854,1,78%,1%,0%,10%,9%,2%,,
Mesa Distance Learning Program,Mesa,yes,,yes,32%,47%,13383,250,62%,2%,2%,26%,2%,4%,23.7,Public
Mesa High School,Mesa,yes,yes,yes,50%,23%,7961,139,29%,4%,2%,62%,1%,2%,25.4,Public
Mesa Transitional Learning Center,Mesa,yes,no,no,,,,,,,,,,,,
Mountain View High School,Mesa,yes,yes,yes,37%,37%,3795,100,66%,3%,4%,24%,2%,1%,25.6,Private
Tolleson #206,Tolleson,yes,no,no,30,30,,,9.4,12.7,1.3,70.9,2.3,3,,
Tolleson Union High School,Tolleson,yes,no,no,12,22,9882,129,4.1,9.5,1,82.4,1.1,1.5,34.7,Public
University High School,Tolleson,Yes,Yes,yes,30,89,27,5,10.1,9.4,0.2,63.5,14.1,2.5,11.7,Public
West-Mec- Sierra Linda High School,Tolleson,yes,no,no,30,30,13260,162,3.3,7.9,0.9,85.1,0.9,1.3,30.2,Public
West-Mec- Tolleson Union High School,Tolleson,Yes,No,No,30,30,,,9.1,27.3,27.3,63.6,0,0,,
Betty Fairfax High School,Laveen,yes,yes,no,50%,50%,9497,166,9,27,4,53,3,4,19.8,Public
Cesar Chavez High School,Laveen,yes,yes,yes,45%,43%,8288,144,3,15,4,74,1,2,20.1,Public
Country Gardens Charter School,Laveen,,yes,yes,40%,36%,657,413,20,12,1,63,0,4,,
Heritage Academy Laveen,Laveen,yes,yes,no,42%,47%,7040,135,28,13,4,50,4,1,22.6,Private
Academy with Community Partners,Mesa,yes,no,no,50%,50%,13383,250,29,8,2,56,0,5,16.6,Public
Desert Pointe Academy (closed),Peoria,,,,,,,,,,,,,,,
Great Hearts Academies - Glendale Prep,Peoria,no,no,no,58%,72%,5391,198,73,1,0,12,9,5,2.9,Private
Liberty High School,Peoria,yes,yes,yes,73%,55%,5817,40,78,4,1,12,2,3,4.5,Public
Ombudsman - Charter Northwest,Peoria,yes,no,yes,20%,39%,19951,393,31,13,4,51,0,1,31.7,Public
Peoria Accelerated High School,Peoria,no,no,yes,5%,8%,8620,191,20,11,2,64,1,3,33.1,Public
West-mec - Verrado High School,Buckeye,,Yes,yes,55%,50%,"25,948",630,100,0%,0%,0%,0%,0%,,
West-mec - Youngker High School,Buckeye,,Yes,yes,57%,32%,"24,174",514,50%,21%,0%,25%,4%,0%,,
Youngker High School,Buckeye,,Yes,Yes,21%,26%,"3,378",106,23%,9%,1%,64%,1%,2%,,
Arizona College Prep,Chandler,Yes,Yes,yes,91%,83%,"9,474",181,43%,4%,1%,15%,30%,7%,2.4,Private
Az Compass Prep School,Chandler,,,yes,12%,12%,"18,895",352,12%,24%,32%,26%,2%,4%,,
Independence High School,Glendale,Yes,Yes,Yes,23.4,22.9,3552,59,60%,15%,1%,18%,4%,2%,28.4,Public
Intelli-school Glendale,Glendale,Yes,No,Yes,70,80,"20,398",408,70%,10%,0%,20%,0%,10%,9.1,Private
Ironwood High School,Glendale,Yes,Yes,Yes,23.6,22.8,1998,67,55%,15%,1%,23%,4%,2%,29.7,Public
Jefferson Preparatory High School,Glendale,Yes,Yes,Yes,24.2,23.7,"19,994",396,60%,15%,1%,20%,4%,0%,33.5,Public
Life Development Institute,Glendale,No,Yes,Yes,45,40,"6,189",63,70%,10%,0%,20%,0%,10%,23.2,Private
Arizona Call-A-Teen Center for Excellence,Phoenix,yes,No,Yes,60,70,"20,508",411,3%,3%,4%,89%,0%,0%,1,Private
Arizona Collegiate High School,Phoenix,yes,Yes,Yes,30,30,"18,400",338,5%,8%,2%,85%,0%,0%,31.8,Public
Arizona Conservatory for Arts and Academics,Phoenix,yes,Yes,Yes,27,42,"16,134",284,68%,8%,2%,19%,1%,0%,24.9,Public
Arizona Cultural Academy & College Prep,Phoenix,yes,Yes,Yes,25,25,"1,775",16,40%,27%,0%,4%,27%,0%,28,Public
Arizona Insight Academy,Phoenix,yes,Yes,Yes,16,23,"7,062",143,65%,6%,3%,20%,0%,0%,32.6,Public
Brightmont Academy,Scottsdale,Yes,Yes,Yes,,,7053,70,86%,0%,0%,14%,0%,0%,,
Cactus Shadows High School,Scottsdale,Yes,Yes,Yes,46%,49%,2512,90,88%,1%,0%,7%,3%,1%,23.1,Private
Chaparral High School,Scottsdale,Yes,Yes,Yes,35%,40,1378,47,82%,3%,1%,8%,6%,1%,24,Public
Coronado High School,Scottsdale,Yes,Yes,Yes,8%,12%,5699,131,25%,7%,8%,57%,1%,2%,27.4,Public
Desert Mountain High School,Scottsdale,Yes,Yes,Yes,47%,49%,1009,35,77%,3%,1%,8%,11%,1%,22.8,Private
West-mec - Cortez High School,Phoenix,Yes,Yes,Yes,64%,49%,"25,823",609,50%,50%,0%,0%,0%,0%,14.4,Private
West-mec - Greenway High School,Phoenix,Yes,Yes,No,69%,64%,,,0%,0%,0%,0%,0%,0%,,
West-mec - Moon Valley High School,Phoenix,No,No,No,74%,64%,"25,823",609,100%,0%,0%,0%,0%,0%,7.5,Public
West-mec - North Canyon High School,Phoenix,Yes,Yes,Yes,39%,39%,"25,423",576,50%,0%,17%,17%,0%,17%,25.9,Private
West-mec - Paradise Valley High School,Phoenix,No,No,No,40%,42%,"25,948",630,0%,0%,0%,0%,0%,100%,21.2,Private
Phoenix Union Bioscience High School,Phoenix,Yes,Yes,Yes,24,26,359,14,12.5,4,,71.1,8.2,4.3,,
Pillar Academy Online,Phoenix,No,No,Yes,,,Unranked,Unranked,18.2,,,81.8,,,,
Pinnacle High School,Phoenix,Yes,Yes,Yes,49,54,1998,27,74.9,1.8,0.2,13.6,4.3,5.4,10.8,Public
Premier Charter High School,Phoenix,No,No,Yes,78,63,,,0.7,4.1,,92.5,,2.8,,
Scottsdale Christian Academy,Phoenix,,No,,25,27,,,89.7,3.1,,3.6,1.9,1.7,,
Intelli School,Chandler,Yes,No,Yes,50,72,21252,431,16,4,4,65,1,5,16.4,Private
Kaizen Education Foundation Dba El Dorado High School,Chandler,Yes,Yes,No,22.4,23.4,19037,354,19,16,2,63,1,3,29.4,Public
Ken 'chief' Hill Learning Academy,Chandler,yes,No,No,23.4,24.5,,,,,,,,,,
Hamilton High School,Chandler,yes,No,Yes,27,27,64,1,45.3,6.9,2.2,23.3,18.5,1,27.1,Public
Mosaica Preparatory Academy of Chandler,Chandler,Yes,Yes,Yes,,,Unranked,Unranked,Unknown,Unkown,Unkown,Unkown,Unkown,Unkown,13,Private
Sonoran Desert School,Mesa,Yes,No,,45%,36%,,441,80%,5%,0,15%,5%,0,,
Stapley Junior High School,Mesa,No,No,Yes,58%,52%,unranked,111,65%,1.20%,9.10%,20.90%,0.90%,2.60%,19.1,Public
Sunny Valley High School,Mesa,Yes,Yes,Yes,30%,30%,"10,272",390,18.4,6.9,3.2,66.8,0.8,4,33.8,Public
Taylor Junior High School,Mesa,Yes,Yes,No,41,34,unranked,unknown,35,5,3,53,1,2,24.3,Public
Vista Grove Preparatory Academy Middle School,Mesa,No,No,No,5%,15%,unranked,unranked,23%,10,7,49,0,11,30,Public
Apollo High School,Glendale,yes,yes,yes,26%,30%,5256,167,54%,9%,6,26,,20,,
Arrowhead Christian Academy,Glendale,yes,yes,yes,19,43,4210,128,32%,10%,,15,,26,,
Cactus High School,Glendale,yes,yes,yes,72,52,7212,64,12%,12%,4,8,,17,,
Children'S Center for Neurodevelopmental Studies,Glendale,yes,yes,no,43,15,5210,742,60%,15%,1,16,,16,,
Copper Canyon High School,Glendale,yes,no,yes,54,26,8840,159,54,7,12,5,2,6,23.9,Private
Paradise Honors High School,Surprise,Yes,Yes,Yes,22%,26%,"10,575",196,72%,5%,0%,18%,3%,2%,28,Public
Shadow Ridge High School,Surprise,Yes,Yes,Yes,34%,50,1579,53,59%,9%,1%,25%,4%,3%,22.2,Public
Valley Vista HighSchool,Surprise,Yes,Yes,Yes,25%,60,608,27,45%,10%,1%,38%,1%,1%,24.8,Public
West Mec - Valley Vista High School,Surprise,Yes,No,,18%,45,"25,708",602,0%,33%,0%,67%,0%,0%,,
West Mec - Willow Canyon high School,Surprise,No,No,,59%,55%,Unranked,Unranked,,,2%,,,,,
Starshine Academy,Phoenix,Yes,Yes,,62,56,"16,664th out of 26,089",293rd out of 659,6%,26%,,57%,2%,,,
Sunnyslope High School,Phoenix,Yes,Yes,Yes,47.7,48.1,"1,512th out of 26,089",177,30%,15%,3%,45%,5%,2%,20.6,Public
Suns-diamondbacks Education Academy,Phoenix,Yes,Yes,,45,70,"17,047th out of 26,089",303rd out of 659,4%,7%,,79%,0%,,,
Sweetwater Community School,Phoenix,Yes,Yes,Yes,512,523,"6,987 out of 17,843",100 out of 455,65.20%,7.40%,1.80%,19.30%,4.30%,2%,6.6,Private
System Phoenix,Phoenix,Yes,Yes,Yes,525,523,15,1,10%,7%,,78%,1%,,,
Aspc-Phoenix/Globe,phoenix,Yes,Yes,,21%,19%,"25,948",630,100%,0%,0%,0%,0%,0%,,
Asu Preparatory Academy- Phoenix Elementary,phoenix,Yes,Yes,Yes,17%,60,Unranked,Unknown,11%,8%,2%,74%,2%,3%,22.9,Private
Asu Preparatory Academy- Phoenix High School,phoenix,Yes,Yes,,22%,22%,"12,188",221,8%,10%,2%,77%,3%,2%,,
Barry Goldwater High School,phoenix,Yes,Yes,Yes,23%,23%,"1,964",66,50%,6%,1%,37%,3%,2%,29.8,Public
Basis Ahwatukee,phoenix,Yes,Yes,Yes,31%,32%,"7,959",160,36%,4%,0%,6%,52%,2%,24.3,Public
West-mec - Pinnacle High School,Phoenix,Yes,Yes,Yes,49%,54%,1998,523,43%,7%,,44%,3%,2%,,
West-mec - Shadow Mountain High School,Phoenix,Yes,Yes,Yes,54%,40%,6178,Unranked,43%,7%,,44%,3%,2%,,
West-mec - Sunnyslope High School,Phoenix,Yes,Yes,Yes,79%,69%,2170,84,43%,7%,,44%,3%,2%,,
West-mec - Thunderbird High School,Phoenix,Yes,Yes,Yes,70%,55%,2799,Unranked,43%,7%,,44%,3%,2%,,
West-mec - Tonopah Valley High School,Phoenix,Yes,Yes,Yes,69%,59%,Unranked,Unranked,43%,7%,,44%,3%,2%,,
Faith Christian School,Mesa,Yes,Yes,,600,550,"3,896th out of 7,602",35th out of 74,7720%,,,1410%,760%,,19,Public
Franklin Junior High School,Mesa,,No,,89%,93%,Unranked,Unranked,67%,1%,0.40%,26%,2%,5%,2.6,Private
Fremont Junior High School,Mesa,no,,yes,39%,37%,Unranked,135,52%,4%,2%,37%,1%,4%,,
Heritage Academy,Mesa,yes,yes,yes,46%,61%,"3,302",52,70.80%,0.50%,0.30%,25.50%,0.60%,2.30%,14.1,Private
Sun Valley High School,Mesa,Yes,Yes,Yes,30%,30%,"10,272",390,18.4,6.9,3.2,66.8,0.8,4,27.7,Public
BluePrint High School,Chandler,yes,yes,yes,40,60,22875,480,32%,8%,,48%,12%,0%,,
Bogle Junior High School,Chandler,yes,no,,49%,43%,,,,,,,,,,
Brightmont Academy - Chandler,Chandler,Yes,,yes,,,,,,,,,,,,
Chandler Online Academy,Chandler,Yes,Yes,no,48%,63%,17850,329,78%,2%,0%,15%,4%,1%,19.9,Public
Chandler High School,Chandler,Yes,Yes,Yes,25%,32%,185,8,34%,10%,2%,46%,6%,2%,31.8,Public
E-Institute at Taylion,Glendale,yes,yes,yes,85%,80%,1000,50,60%,15%,1%,15%,5%,4%,7.5,Private
Gary K. Herberger Young Scholars Academy,Glendale,Yes,yes,yes,80,70,5291,49,67%,5%,0%,5%,22%,0%,6.9,Private
Glendale High School,Glendale,yes,yes,yes,82%,80%,1234,28,60%,15%,1%,20%,2%,2%,3.9,Private
Hillcrest Middle School,Tempe,yes,No,yes,80%,75%,1500,50,60%,15%,10%,15%,5%,5%,5.7,Private
Hope High School Online,Tempe,Yes,yes,Yes,85%,80%,,10,60%,15%,1%,15%,5%,4%,,
Apollo High School,Glendale,yes,yes,yes,26%,30%,5256,167,54%,9%,6,26,,20,,
Arrowhead Christian Academy,Glendale,yes,yes,yes,19,43,4210,128,32%,10%,,15,,26,,
Cactus High School,Glendale,yes,yes,yes,72,52,7212,64,12%,12%,4,8,,17,,
Children'S Center for Neurodevelopmental Studies,Glendale,yes,yes,no,43,15,5210,742,60%,15%,1,16,,16,,
Copper Canyon High School,Glendale,yes,no,yes,54,26,8840,159,54,7,12,5,2,6,23.9,Private
West-Mec - Raymond S. Kellis(Data from 2023),Glendale,Yes,Yes,Yes,60%,44%,"7,392",538th out of 659,40,7,0,40,7,0,13.1,Public
West-Mec - Sandra Day O'Connor High School,Glendale,Yes,Yes,Yes,64%,59%,"25,948",630th out of 659,74.2,2.6,1,13.2,5,3.5,13.3,Public
Westland School Brighton Campus,Glendale,Yes,Yes,Yes,27%,32%,"12,833",229,15,14,2,64,0,4,27.9,Public
Aspc-Perryville (School closed in 2021),Goodyear,,,,,,,,,,,,,,,
Basis Goodyear(This School seemes to be closed),Goodyear,,,,,,,,,,,,,,,
Mosaica Preparatory Academy of Chandler,Chandler,Yes,Yes,Yes,70,45,Unranked,Unranked,19.7,42.7,2.8,28.7,2.8,5.1,13,Private
Oasis Recovery,Chandler,,,,70,82,"6,014",60,57%,26%,0%,11%,3%,0%,,
Paragon Science Academy,Chandler,Yes,Yes,Yes,85%,38%,"11,638",210,37%,19%,1%,12%,29%,1%,10.2,Private
Primavera - Online,Chandler,Yes,Yes,No,14%,31%,153,7,49%,5%,4%,37%,1%,1%,32.1,Public
Santam Junior High School,Chandler,No,No,Yes,44%,53%,Unranked,Unknown,70%,6%,1%,12%,9%,2%,19.6,Public
Shearim Torah High School For Girls,Phoenix,Yes,,Yes,40%,60,,14,64,0,0,0,36,0,,
Skyline Prep High School,Phoenix,Yes,Yes,Yes,50%,72,,89,15,36,2,44,3,1,,
Sonoran Science Academy - Phoenix,Phoenix,Yes,,Yes,12%,50%,5360,86,24,50,2,20,3,0,,
Sonoran Trails Middle School,Phoenix,,,Yes,58%,54%,,188,89,1,0,8,2,0,,
South Mountain High School,Phoenix,Yes,Yes,Yes,7%,49%,"13,261-17,680",382,3,15,1,78,0,2,29.9,Public
High-star Center For Children,Phoenix,No,,Yes,80,70,4157,39,85%,3%,0%,12%,0%,0%,,
Holy Cross Lutheran School,Phoenix,Yes,Yes,Yes,45,56,7407,74,14%,0%,0%,71%,14%,1%,11.3,Public
Hope High School,Phoenix,Yes,Yes,Yes,50%,50%,17304,315,5%,20%,1%,73%,0%,1%,16.8,Private
Horizon Community Learning Center,Phoenix,,Yes,Yes,70%,85%,8400,168,67%,3%,1%,18%,6%,5%,,
Humanities And Sciences High School - Phoenix,Phoenix,Yes,,Yes,70,50%,24998,558,18%,0%,0%,82%,0%,0%,,
Basis Phoenix,Phoenix,Yes,Yes,Yes,92%,80%,7748,155,57%,2%,0%,6%,34%,1%,9.7,Private
Basis Phoenix Central Primary,Phoenix,Yes,Yes,Yes,76%,40%,Unranked,Unranked,42%,9%,1%,15%,30%,3%,15.9,Private
Bostrom Alternative Center,Phoenix,,,,8%,70,15802,274,4%,13%,4%,77%,0%,2%,,
Bourgade Catholic High School,Phoenix,Yes,Yes,Yes,,,1566,13,28%,2%,0%,54%,6%,10%,,
Brophy College Preparatory,Phoenix,Yes,Yes,Yes,70,31%,87,2,60%,3%,1%,18%,7%,11%,12.5,Public
Poston Junior High School,Messa,Yes,,,35%,33%,Unranked,Unranked,43,5,3,47,1,1,32.6,Public
Red Mountain High School,Messa,Yes,Yes,Yes,50%,40%,129,4,70,3,2,20,2,3,23.9,Private
Redeemer Christian School,Messa,Yes,Yes,Yes,87%,76%,4773,42,64,0,0,13,21,2,1.7,Private
Rhodes Junior High School,Messa,Yes,Yes,No,55%,34%,467,11,26,6,6,58,2,2,21.5,Public
Sequoia Choice School Arizona Distance Learning School,Messa,yes,No,No,54%,33%,755,195,70,3,7,15,2,3,26.5,Private
West-Mec - Dysart High School,El Mirage,,,,35%,33%,25948,630,100%,0%,0%,0%,0%,0%,7.2,Public
Fountain Hills High School,Fountain Hills,,,,50%,40%,9922,185,80%,1%,8%,6%,3%,3%,,
Fountain Hills.online,Fountain Hills,,,,87%,76%,,,,,,,,,,
Gila Bend High School,Gila Bend,,,,55%,34%,19646,378,12%,0%,26%,61%,0%,1%,,
Arizona Connections Academy,Gilbert,,,,54%,33%,1915,65,63%,4%,2%,22%,2%,7%,,
Salt River High School,Scottsdale,,Yes,Yes,50,50,16760,296,0,0,85,14,0,0,,
Scottsdale Online Learning,Scottsdale,Yes,Yes,Yes,60,52,20721,416,67,3,1,23,3,2,18.5,Public
Sunrise Middle School,Scottsdale,Yes,,Yes,46%,45%,Unranked,Unknown,62,3,0,26,4,4,,
The New Foundation-marion Burton School,Scottsdale,,,,60,52,5800,56,53,5,8,35,0,0,,
Ville De Marie Academy,Scottsdale,Yes,Yes,,46%,45%,4017,36,85,0,1,10,4,0,,
Highland Jr High School,Mesa,Yes,Yes,Yes,52%,55%,,131,927,32,9,212,34,13,,
Imagine East Mesa Middle School,Mesa,No,No,,40.49,42.31,Unranked,233,76,8,0,40,4,2,21.2,Private
Kino Junior High School,Mesa,Yes,,,5%,43.16,Unranked,803,131,34,0,791,4,2,31.3,Public
Learning Foundation,Mesa,No,No,Yes,12%,17%,Unranked,929,62,10,5,105,3,0,31.7,Public
Legacy Elementary School,Mesa,,Yes,Yes,52%,61%,Unkown,573,80,8,1,70,1,0,,
Vision Christian Academy,Glendale,Yes,Yes,,46%,45%,Unranked,Can't Find,68,0,3,29,0,0,,
West-Mec - Apollo High School,Glendale,Yes,Yes,Yes,52%,55%,"5,256",Can't Find,0,50,0,50,0,0,16.2,Private
West-Mec - Cactus High School,Glendale,Yes,Yes,,40.49,42.31,"7,964",Can't Find,56,0,0,44,0,0,,
West-Mec - Central Campus,Glendale,Yes,Yes,Yes,5%,43.16,Unranked,Can't Find,42,4,1,50,1,2,29.9,Public
West-Mec - Copper Canyon High School,Glendale,Yes,Yes,Yes,12%,17%,"8,840",Can't Find,0,17,0,83,0,0,34.4,Public
Desert Marigold School,Phoenix,NO,NO,NO,52%,61%,14142,254,72,3,2,14,2,7,16,Public
Desert Vista High School,Phoenix,YES,YES,YES,49%,55%,2801,44,54.6,7,2,16,9,11.4,18.8,Public
Desert Voices Oral Learning Center,Phoenix,NO,NO,NO,14%,15%,unranked,unranked,92,0,0,8,0,0,28.4,Public
Durango Transitional Learning Center,Phoenix,NO,NO,NO,19%,17%,21202,428,20,35,1,40,1,3,28.2,Public
Pinnacle High School - Tempe,Phoenix,Yes,Yes,Yes,69%,66%,"20,470",410,12,30,7,48,0,3,3.2,Public
Pinnacle Virtual High School,Phoenix,Yes,Yes,Yes,8%,12%,"14,054",252,33,11,7,46,0,2,33.1,Public
Student Choice High School,Phoenix,,,Yes,50%,50%,"19,758",386,28,6,7,57,0,3,,
Tapbi,Phoenix,Yes,No,Yes,50%,50%,,,,,,,,,,
Tempe High School,Phoenix,Yes,Yes,Yes,50%,50%,"2,694",95,9,13,4,69,1,3,17.1,Public
South Pointe High School,Phoenix,No,No,No,20%,50%,Unranked,1834,3,25,0,66,0,6,26.5,Public
South ridge high school,Phoenix,Yes,Yes,Yes,54%,50%,5152,1224,7,11,1,78,2,1,18.6,Public
Southwest Key Transitional Learning Center,pheonix,No,No,No,30%,30%,Unranked,Unranked,0,0,0,100,0,0,32.2,Public
southwest leadership academy,pheonix,None,No,Yes,30%,30%,Unranked,1259,7,7,2,83,0,1,32.7,Public
st marys high school,pheonix,Yes,Yes,Yes,23%,22%,1040,Unranked,13,6,1,69,4,7,29.6,Public
Gilbert Global Academy Junior High School,Gibert,Yes,No,Yes,77%,74%,,,72.3,6.3,0.2,18.3,2.8,0.1,,
Gilbert High School,Gibert,Yes,Yes,Yes,78%,76%,739,30,69.7,7.6,0.2,20.7,1.4,0.4,26.2,Public
Gilbert Junior High School,Gibert,Yes,Yes,Yes,82%,80%,"1,243rd",37th,64.4,3.8,0.7,25.8,4.3,1.8,7.2,Private
Great Hearts Academies-Arete Prep,Gibert,Yes,No,Yes,83%,81%,10443,194,75.6,2.4,0.2,17.6,3.4,0.8,9.7,Private
Greenfield Junior High School,Gibert,Yes,No,Yes,82%,80%,,50 th,68.2,4.2,0.8,22.4,3.4,1,18.2,Private
Westwood High School,Mesa,Yes,Yes,No,30%,30%,201,10,28,6,10,52,2,1,30.2,Public
Phoenix Country Day School,Paradise Valley,Yes,Yes,Yes,23%,22%,564,7,70,3,1,6,10,9,33.6,Public
Aurora Day School,Peoria,,Yes,No,77%,74%,,,59.5,9.5,4.1,9.5,2.7,14.9,,
Basis Peoria,Peoria,Yes,No,Yes,78%,76%,,,42,4,0,4,48,2,,
Centennial High School,Peoria,Yes,Yes,Yes,82%,80%,"1,467",48,56,5,1,31,3,4,2.7,Private
Desert Ridge Junior High School,Mesa,Yes,Yes,Yes,83%,81%,,,68,4,1,22,3,2,,
Dobson High School,Mesa,Yes,Yes,Yes,82%,80%,501,20,38,8,5,45,3,1,4.9,Private
Eaglerich Enrichment Program,Mesa,Yes,Yes,,82%,80%,,,81,2,2,13,1,1,,
East Valley academy,Mesa,,,Yes,83%,81%,13951,251,16,5,6,71,1,1,,
East Valley HIgh School,Mesa,,,,82%,80%,18739,350,54,3,1,38,0,0,,
Heritage Academy Queen Creek,Queen Creek,Yes,No,Yes,85%,88%,,1,85%,4%,0%,7%,2%,2%,,
Basis Mesa,Mesa,Yes,Yes,Yes,94%,95%,22,3,75%,5%,0%,15%,5%,0%,5.1,Private
Queen Creek High School,Queen Creek,Yes,Yes,Yes,85%,87%,,12,80%,3%,0%,13%,3%,1%,,
Queen Creek Virtual Academy,Queen Creek,Yes,No,Yes,88%,90%,,,80%,3%,0%,13%,3%,1%,,
Basis Scottsdale,Scottsdale,Yes,Yes,Yes,95%,96%,11,1,75%,5%,0%,15%,5%,0%,4.7,Private
Tri-City Christian Academy,Chandler,,Yes,Yes,50%,45%,"2,249",21,63%,8%,1%,8%,14%,5%,,
Valley Christian High School,Chandler,Yes,Yes,Yes,60%,50%,"1,576",15,82%,5%,1%,8%,2%,1%,12,Private
Willis Junior High School,Chandler,Yes,Yes,Yes,50%,42%,Unranked,Unknown,29%,7%,2%,55%,4%,0%,26.4,Private
Dysart High School,El Mirage,Yes,Yes,Yes,40%,75%,"3,122",99,30%,9%,2%,54%,2%,1%,10.9,Private
West-Mec - Dysart High School,El Mirage,Yes,Yes,Yes,60%,70%,"25,948",630,100%,0%,0%,0%,0%,0%,7.2,Public
Arizona Agribusiness & Equine Center Inc. - Red Mountain,Mesa,Yes,Yes,Yes,5%,53%,6281,106,67.80%,5.20%,1.20%,23.50%,1.70%,1.20%,33.4,Public
Asu Preparatory Academy-polytechnic High School,Mesa,No,Yes,Yes,66%,77%,7284,124,37.30%,5.90%,1.90%,44.30%,5%,5.40%,8.8,Public
Basis Mesa,Mesa,yes,yes,yes,94%,97%,62,13,39.50%,7.50%,0.60%,18.70%,26.20%,7.50%,5.1,Private
Carson Junior High School,Mesa,no,yes,yes,26%,22%,6108,446,17.50%,6.50%,14.40%,58.00%,0.40%,3.20%,28.7,Public
Desert Ridge High School,Mesa,yes,yes,yes,21%,30%,7011,123,60.20%,3.10%,1.50%,27.90%,3.10%,4.20%,32.1,Public
North Pointe Preparatory,Phoenix,yes,yes,yes,30%,47%,7115,144,48%,4%,1%,40%,3%,4%,24.7,Public
Northwest Christian School,Phoenix,yes,yes,yes,26%,28%,79,1,83%,1%,1%,9%,2%,4%,31.3,Public
Nueva Vista School / Arizona State Hospital,Phoenix,,,,44%,65%,,,,,,,,,,
Ombudsman - Charter East,Phoenix,yes,yes,yes,25%,10%,21673,445,14%,4%,11%,69%,1%,0%,34.4,Public
Ombudsman - Charter East li,Phoenix,yes,yes,yes,10%,10%,18639,346,12%,5%,3%,79%,0%,1%,30.2,Public
Kino Junior High School,Mesa,Yes,No,No,17%,20%,1769,467,13%,3%,7%,76%,0%,0%,31.3,Public
Learning Foundation,Mesa,No,No,Yes,52%,62%,,,30%,5%,2%,50%,1%,11%,31.7,Public
Legacy Elementary school,Mesa,No,No,Yes,53%,61%,,250,49%,5%,1%,43%,1%,2%,,
Mesa Academy for Advanced Studies,Mesa,Yes,Yes,Yes,48%,48%,,1,78%,1%,0%,10%,9%,2%,,
Mesa Distance Learning Program,Mesa,No,No,Yes,31%,30%,"17,102",305,62%,2%,2%,26%,2%,4%,23.7,Public
West-Mec - Washington High School,Phoenix,,,,64%,49%,"25,948",630,,,,100%,,,,
Western School of Science and Technology,Phoenix,Yes,No,Yes,44%,43%,"13,024",235,1%,2%,0%,97%,0%,0%,25.2,Private
Westland School,Phoenix,,,,9%,19%,"14,964",268,24%,15%,0%,54%,1%,,,
Xavier College Preparatory,Phoenix,Yes,Yes,Yes,76%,55%,144,3,83%,2%,1%,8%,6%,,,
Yeshiva High School of Arizona,Phoenix,,Yes,,45%,53%,"6,704",66,100%,0%,0%,0%,0%,0%,,
Genesis Acedemy,Phoenix,Yes,Yes,Yes,8%,76%,13838,250,3%,5%,3%,88%,0%,1%,24.7,Public
Girls Leadership Academy Of Arizona,Phoenix,Yes,Yes,Yes,15%,20%,13261,237,5%,15%,2%,76%,2%,1%,29.4,Public
Glenview College Preparatory High School,Phoenix,Yes,Yes,Yes,20%,20%,9164,161,12%,10%,1%,74%,1%,2%,33.1,Public
Gompers Private School,Phoenix,No,,,Cant Find,Cant Find,6647,Cant FInd,27%,23%,5%,45%,0%,0%,,
Great Hearts Academies- Archway Veritas,Phoenix,Yes,Yes,Yes,62%,68%,5303,137,77%,1%,0%,10%,4%,7%,7.5,Public
Mountain Trail Middle School,Phoenix,,,,52%,62%,Unranked,unknown,70%,2%,1%,21%,2%,4%,,
New World Educational Center,Phoenix,,,,53%,61%,Unranked,unknown,7%,6%,2%,84%,1%,1%,,
Nfl Yet College Prep Academy,Phoenix,,,,48%,48%,14935,267,2%,2%,1%,94%,0%,1%,,
North Canyon High School,Phoenix,,,,31%,30%,1907,64,35%,5%,2%,52%,3%,3%,,
North High School,Phoenix,,,,64%,49%,573,24,6%,6%,2%,82%,1%,2%,,
Campo Verde High School,Gilbert,Yes,Yes,,44%,43%,1997,29,73%,4%,1%,15%,5%,2%,,
Cenpatico Schools,Gilbert,,No,,9%,19%,5624,53,24%,18%,4%,51%,2%,0%,,
Desert Hills High School,Gilbert,Yes,No,,52%,62%,17392,319,37%,11%,17%,31%,0%,4%,,
Eduprize School Gilbert,Gilbert,No,Yes,Yes,53%,61%,2062,72,71%,3%,1%,17%,4%,3%,17,Public
Cooley Middle School,Gilbert,,,,48%,48%,Unranked,Unknown,69%,5%,1%,19%,4%,3%,,
E-institute At Buckeye,Buckeye,,,,31%,30%,Unranked,Unknowm,19.30%,4.50%,,75.00%,,,,
Odyssey Institute For Advanced And International,Buckeye,,,,64%,49%,Unranked,67,,,,,,,,
Skyview High School,Buckeye,,,,44%,43%,Unranked,Unknown,21.50%,8%,,62%,,,,
Verrado High School,Buckeye,,,,9%,19%,4985,57,45%,5.90%,,43.60%,1.60%,,,
West-mec-Buckeye union high school,Buckeye,,,,30,,Unranked,Unknown,20.00%,,,60%,,,,
American Leadership Academy - Queen Creek,Queen Creek,yes,no,yes,60%,70%,na,na,87%,0,0,13%,0,0,5.7,Private
Benjamin Franklin High School,Queen Creek,No,No,Yes,43%,65%,,,30%,5%,2%,50%,1%,11%,,
Canyon State Academy,Queen Creek,Yes,No,,44%,58%,17392,319,37%,11%,17%,31%,0%,4%,,
Dr. Camille Casteel High School,Queen Creek,Yes,No,,43%,65%,17392,319,37%,11%,17%,31%,0%,4%,,
Queen Creek High School,Queen Creek,Yes,Yes,Yes,44%,58%,,12,80%,3%,0%,13%,3%,1%,,
Madison Highland Prep,Phoenix,,,,52%,62%,15985,280,32%,6%,4%,53%,2%,4%,,
Maryvale High School,Phoenix,,,,53%,61%,273,14,3%,4%,1%,92%,0%,0%,,
Metro Tech High School,Phoenix,,,,48%,48%,2497,89,2%,1%,0%,96%,0%,0%,,
Metrocenter Academy,Phoenix,,,,31%,30%,18313,337,26%,9%,5%,57%,1%,3%,,
Metropolitan Arts Institute,Phoenix,,,,64%,49%,15846,277,52%,5%,0%,36%,1%,6%,,
Sequoia School For The Deaf And Hard Of Hearing,Mesa,,,,44%,43%,21990,455,41%,8%,9%,34%,5%,3%,,
Sequoia Secondary School,Mesa,Yes,,,9%,19%,12610,230,34%,10%,1%,53%,1%,1%,7.9,Private
Shepherd Junior High School,Mesa,,Yes,,8%,12%,Unranked,Unknown,65%,4%,3%,23%,2%,3%,,
Skyline High School,Mesa,Yes,,,50%,50%,522,22,54%,4%,2%,37%,2%,1%,,
Smith Junior High School,Mesa,,No,,50%,,Unranked,Unknown,60%,4%,1%,32%,1%,2%,,
Gateway Academy,Scottsdale,no,no,Yes,,,,,75,5,0,7,4,4,1.8,Public
Horizon High School,Scottsdale,Yes,Yes,Yes,39%,40%,1012,36,77,2,1,12,4,4,3.6,Private
Great Hearts Academies - Cicero Prep,Scottsdale,Yes,Yes,Yes,50%,66%,,,71,2,0,15,8,4,,
Great Hearts Academies - Scottsdale Prep,Scottsdale,Yes,Yes,Yes,69%,73%,6722,139,77,1,0,8,9,4,1.1,Private
Saguaro High School,Scottsdale,Yes,Yes,Yes,37%,41%,"4,318",114,68,4,3,19,5,1,1.3,Private
Tempe preparatory academy,Tempe,Yes,No,Yes,73%,,1377,22,57.50%,2.20%,0.90%,26.40%,7.60%,5.40%,,
The Aces-Tempe,Tempe,No,No,No,52%,62%,3704,31,20%,8%,4%,16%,4%,48%,17.2,Private
The early career academy,Tempe,No,No,No,53%,61%,"24,174",514,41%,14%,5%,23%,0%,17%,12.3,Private
Valley preparatory academy,Tempe,No,No,No,48%,48%,23688,501,40%,10%,0%,17%,0%,33%,25.2,Private
Sierra Linda High School,Tolleson,Yes,No,Yes,31%,30%,"1,898",62,4%,9%,0%,84%,0%,3%,20.1,Public
Grand Canyon College Preparatory Charter School,Tempe,,,,64%,49%,,,,,,,,,,
Humanities and Sciences Academy Arizona,Tempe,Yes,Yes,Yes,44%,43%,"23,625",499,6,16,6,68,0,4,20.8,Public
Humanities and Science High School - Tempe,Tempe,Yes,Yes,Yes,9%,19%,"25,082",560,10,20,0,60,10,0,29,Public
Integrity Education Centre,Tempe,Yes,Yes,Yes,30,30,"22,533",473,62,8,4,21,0,5,33,Public
International Commerce High School - Tempe,Tempe,Yes,Yes,,20,39,"17,274",314,20,11,7,58,1,3,,
Wickenburg Virtual Academy,Wickenburg,,,,,,,,,,,,,,,
Az Compass Prep School,Chandler,,,yes,12%,12%,"18,895",352,12%,24%,32%,26%,2%,4%,,
Arizona College Prep,Chandler,Yes,Yes,yes,91%,83%,"9,474",181,43%,4%,1%,15%,30%,7%,2.4,Private
Basha High School,Chandler,yes,yes,yes,61,61,65,,65,4,5,16,9,1,,
Basis Chandler,Chandler,yes,yes,no,90,81,30,6,22%,8%,1%,3,71,2,3,Private
Foothills Academy,Scottsdale,Yes,No,Yes,53%,61%,"14,236",258,86%,1%,0%,6%,4%,3%,19.3,Private
Foothills Academy Connected,Scottsdale,Yes,Yes,No,33%,46%,"24,822",547,13%,0%,0%,0%,0%,0%,23.4,Private
Gateway Academy,Scottsdale,No,No,Yes,N/a,N/a,"5,234",48,75%,5%,0%,7%,4%,9%,1.8,Public
Great Hearts Academies - Cicero Scottsdale,scottsdale,Yes,Yes,Yes,50%,66%,Unranked,Unknown,71%,2%,0%,15%,8%,4%,10.2,Private
Great Hearts Academies - Scottsdale,scottsdale,Yes,Yes,Yes,69%,73%,6722,139,77%,1%,0%,8%,9%,4%,8.5,Public
Boulder Creek High School,Anthem,yes,yes,yes,45%,41.67,"2,843",45,82,2,0,11,2,3,21.6,Public
Great Hearts Academies - Anthem Prep,Anthem,yes,no,yes,60%,,,,80,1,0,8,7,3,,
West-Mec - Boulder Creek High School,Anthem,yes,yes,yes,50%,,,,25,0,0,75,0,0,,
Agua Fria High School,Avondale,yes,yes,yes,40%,44.8,"1,495",11,20,11,1,65,2,2,26.8,Public
Arizona Agribusiness & Equine Center - Estrella,Avondale,no,yes,yes,35%,,,,50,7,1,36,4,1,,
West-mec - Deer Valley High School,Glendale,Y,Y,Y,,,,,,,,,,,,
West-mec - Glendale High School,Glendale,Y,Y,Y,,,,,100,0,0,0,0,0,,
West-mec - Independence High School,Glendale,Y,Y,Y,,,,,,,,,,,,
West-mec - Ironwood High School,Glendale,Y,Y,Y,,,,,75,0,0,25,0,0,,
West-mec - Mountain Ridge High School,Glendale,Y,Y,Y,,,,,0,0,0,0,0,100,,
Central High School,Phoenix,Yes,Yes,Yes,4,4,847,10,7.4,16.8,6.5,72.77,2.3,2.9,33.3,Public
Children First Academy,Phoenix,,,,52%,62%,,,8,22,,56,1,13,,
Cornerstone Charter School,Phoenix,Yes,Yes,Yes,53%,61%,"19,081",356,22,8,,57,0,13,,
Cortez High School,Phoenix,Yes,Yes,Yes,48%,48%,,,21,11,5,56,6,1,,
Crestview College Preparatory High School,Phoenix,Yes,,,31%,30%,"15,937",279,15,4,2,74,0,5,,
Thunderbird High School,Phoenix,Yes,Yes,Yes,64%,49%,3218,101,51%,7%,3%,36%,3%,1%,14.6,Public
Trevor Browne High School,Phoenix,Yes,Yes,Yes,44%,43%,248,13,3%,4%,1%,91%,1%,1%,20.5,Private
Tumbleweed Transitional Learning Center,Phoenix,No,No,Yes,9%,19%,22127,462,2%,11%,0%,87%,0%,0%,34.7,Public
Valley Lutheran High School,Phoenix,Yes,Yes,Yes,80%,82%,3283,27,54%,9%,4%,16%,11%,5%,8.5,Private
Victory High School - Campus,Phoenix,Yes,Yes,Yes,75%,78%,24174,514,0%,9%,0%,82%,9%,0%,1.5,Private
Redeemer Christian School,Mesa,Yes,Yes,Yes,82%,84%,,123,64%,0%,0%,13%,21%,0%,1.7,Private
Rhodes Junior High School,Mesa,Yes,Yes,Yes,75%,78%,,125,26%,6%,1%,58%,2%,2%,21.5,Public
Sequoia Choice School Arizona Distance Learning School,Mesa,Yes,Yes,Yes,85%,80%,,100,70%,3%,5%,15%,2%,0%,26.5,Private
Sequoia School for the Deaf and Hard of Hearing,Mesa,Yes,Yes,Yes,Not found,Not found,Not found,Not found,41%,8%,Not found,34%,5%,Not found,9.7,Public
Sequoia Secondary School,Mesa,Yes,Yes,Yes,Not found,Not found,Not found,Not found,34%,10%,Not found,53%,1%,Not found,7.9,Private
James Madison Preparatory School,Tempe,Yes,Yes,Yes,,45%,"17,914",331,72%,3%,2%,15%,3%,5%,,
Marcos De Niza High School,Tempe,Yes,Yes,Yes,39%,60%,"3,319",103,27%,10%,11%,47%,3%,3%,12,Public
Mcclintock High School,Tempe,Yes,No,No,50%,50%,"2,038",71,33%,10%,5%,43%,4%,5%,10.9,Public
New School For The Arts,Tempe,Yes,Yes,Yes,69%,40%,"17,363",317,63%,10%,3%,18%,2%,3%,15.2,Public
Pinnacle Charter High School,Tempe,Yes,Yes,Yes,37%,35%,"22,979",483,30%,9%,7%,51%,0%,2%,26.6,Private
Tonopah Valley High School,Tonopah,Yes,Yes,Yes,55%,56%,#10.279,#181,37.30%,3.60%,0.40%,55.20%,0.20%,2.80%,13.7,Public
Shadow Ridge High School,Wikenburg,yes,Yes,Yes,28%,24%,#4574,#126,58.50%,4.60%,0.40%,27.80%,2.10%,6.50%,22.2,Public
Wickenburg Christian Academy,Wikenburg,Yes,Yes,Yes,69%,40%,#3763,unranked,88%,0%,1%,10%,1%,1%,11,Private
West-Mec_Wickenburg High School,Wikenburg,Yes,Yes,Yes,37%,35%,unranked,unranked,83.30%,0%,0%,11.10%,5.60%,0%,25.1,Public
Wickenburg High school,Wikenburg,Yes,Yes,Yes,55%,56%,"#13,261",237-317,53.40%,2.40%,1.00%,42%,0.20%,0%,14.7,Private
Paradise Valley Christian Preparatory,Phoenix,yes,yes,yes,28%,24%,Unranked,#2,87%,4%,0%,6%,3%,1%,32.8,Public
Paradise Valley High School,Phoenix,yes,yes,yes,60%,70%,#4226,625,43%,4%,1%,45%,3%,4%,2.9,Public
Phoenix Christian Preparatory School,Phoenix,yes,yes,yes,43%,65%,1439,15,30%,31%,0%,33%,6%,0%,11.4,Private
Phoenix College Preparatory School,Phoenix,Yes,yes,Yes,44%,58%,5864,51,12%,10%,2%,76%,0%,1%,16.3,Private
Phoenix Collegiate Academy Charter School,Phoenix,yes,yes,yes,43%,65%,9551,309,2%,8%,1%,89%,0%,1%,11.9,Private
Shepherd Junior High School,Mesa,,Yes,Yes,44%,58%,Unranked,Unranked,65,4,3,23,2,2,,
Skyline High School,Mesa,Yes,,,50,50,522,22,54,4,2,37,2,2,,
Smith Junior High School,Mesa,,No,,50,60,Unranked,unknown,60,4,1,32,1,2,,
Soronan Desert School,Mesa,Yes,No,,45,36,23294,490,84,3,3,11,0,0,,
Stapley Junior High School,Mesa,Yes,Yes,Yes,5,15,Unranked,Unknown,70,1,8,18,2,9,19.1,Public
Gateway Early College High School,Phoenix,Yes,Yes,Yes,14%,12%,8646,155,1.60%,13.60%,6%,82.80%,0.30%,0.30%,32.1,Public
Franklin Police and Fire High School,Phoenix,Yes,Yes,Yes,43%,65%,4136,65,3.10%,0.70%,1.70%,93.40%,1.00%,0%,17.7,Private
Great Hearts Academies - Archway Veritas,Phoenix,No,No,Yes,44%,58%,,,67.40%,2.10%,0.30%,17.00%,4.70%,6.80%,,
Great Hearts Academies - North Phoenix Prep,Phoenix,No,Yes,No,67%,72%,4142,64,57.90%,3.10%,0.60%,21.60%,11.70%,4.90%,11.7,Public
Great Hearts Academies - Teleos Prep,Phoenix,No,No,Yes,67%,,6297,107,54.00%,5.60%,0.70%,25.10%,7.10%,6.70%,,
Mesa High School,Mesa,Yes,yes,yes,50%,42%,7961,139,29%,4%,2%,62%,1%,2%,25.4,Public
Mesa Transitional Learning Center,Mesa,Yes,No,no,,,,,47%,20%,,26%,3%,4%,,
Mountain View High School,Mesa,Yes,Yes,Yes,37%,37%,3795,100,66%,3%,4%,24%,2%,1%,25.6,Private
Poston Junior High School,Messa,Yes,No,Yes,24,33,Unranked,Unranked,43,5,3,47,1,1,32.6,Public
Red Mountain High School,Messa,Yes,Yes,Yes,47%,77.67%,129,4,70,3,2,20,2,3,23.9,Private
Mountain Ridge High School,Glendale,yes,yes,yes,51,55,2046,28,69,2,1,13,10,5,17.6,Public
Ombudsman - Charter West,Glendale,yes,yes,yes,,,,,43,17,3,32,2,3,,
Raymond S. Kellis,Glendale,yes,yes,yes,48,43,7392,126,24,8,1,57,5,5,22.4,Private
Sandra Day O'Connor High School,Glendale,yes,yes,yes,70%,69%,2622,41,74,2,1,14,5,4,0.9,Private
Sunflower School,Glendale,yes,yes,Yes,25%,25%,,,35,7.5,0,42.5,7.5,7.5,,
Deer Valley Academy,Glendale,YES,YES,YES,36%,39%,Unranked,250,33.30%,16.70%,1.20%,50.00%,2.60%,33.30%,27,Public
Deer Valley High School,Glendale,YES,YES,YES,58%,51%,6336,109,55.20%,5.90%,1.20%,30.50%,2.60%,49.50%,17.5,Private
Desert Heights Preparatory Academy,Glendale,YES,YES,YES,43%,40%,Unranked,398,56.20%,7.20%,1.40%,29.00%,1.40%,50.1,25.5,Private
Desert Sky Middle School,Glendale,NO,YES,NO,42%,42%,Unranked,289,54.30%,4.30%,0.60%,33.50%,1.90%,51.1,21.4,Public
E-Institute at Grovers,Glendale,YES,YES,YES,30%,30%,Unranked,371,22.20%,,,77.80%,,77.80%,,
Campo Verde High School,Gilbert,Yes,Yes,,58%,51%,1997,29,73%,4%,1%,15%,5%,2%,,
Cenpatico Schools,Gilbert,,No,,43%,40%,5624,53,24%,18%,4%,51%,2%,0%,,
Desert Hills High School,Gilbert,Yes,No,,42%,42%,17392,319,37%,11%,17%,31%,0%,4%,,
Eduprize School Gilbert,Gilbert,No,Yes,Yes,30%,30%,2062,72,71%,3%,1%,17%,4%,3%,17,Public
Cooley Middle School,Gilbert,,,,58%,51%,Unranked,Unknown,69%,5%,1%,19%,4%,3%,,
Madison Highland Prep,Phoenix,,,,43%,40%,15985,280,32%,6%,4%,53%,2%,4%,,
Maryvale High School,Phoenix,,,,42%,42%,273,14,3%,4%,1%,92%,0%,0%,,
Metro Tech High School,Phoenix,,,,30%,30%,2497,89,2%,1%,0%,96%,0%,0%,,
Metrocenter Academy,Phoenix,,,,70,52,18313,337,26%,9%,5%,57%,1%,3%,,
Metropolitan Arts Institute,Phoenix,,,,60,80,15846,277,52%,5%,0%,36%,1%,6%,,